EmployeeID,FullName
EM00001,Nhiên Xuân Đặng
EM00002,Hải Phú Vũ
EM00003,Nhật Hoàng Đặng
EM00004,Kim Bùi
EM00005,Phương Đặng
EM00006,Kim Thế Nguyễn
EM00007,Trọng Đức Dương
EM00008,Vi Đặng
EM00009,Trung Mai
EM00010,Hải Mai
EM00011,Hương Bùi
EM00012,Dương Nguyễn
EM00013,Hương Vũ
EM00014,Yến Hoàng
EM00015,Nam Tấn Bùi
EM00016,Vi Mai
EM00017,Trung Hoàng
EM00018,Hải Nguyễn
EM00019,Nam Mai
EM00020,Tùng Hoàng
EM00021,Trần
EM00022,Bảo Đặng
EM00023,Lâm Dương
EM00024,Hưng Mai
EM00025,Thành Hoàng
EM00026,Hồng Vũ
EM00027,Hải Dương
EM00028,Thành Quang Phạm
EM00029,Trọng Đức Phạm
EM00030,Chi Bùi
EM00031,Phương Đức Lê
EM00032,Hồng Hoàng
EM00033,Xuân Lê
EM00034,Hưng Nguyễn
EM00035,Thảo Mai
EM00036,Thành Phú Phạm
EM00037,Bảo Hoàng
EM00038,Hải Hữu Lê
EM00039,Quang Bùi
EM00040,Nhật Nguyễn
EM00041,Vũ Đức Dương
EM00042,Bảo Thị Mai
EM00043,Lâm Mai Trần
EM00044,Ngọc Dương
EM00045,Vân Đặng
EM00046,Nhiên Trần
EM00047,Hải Mai
EM00048,Nam Lê
EM00049,Hà Hoàng
EM00050,Nam Lê
EM00051,Mai Phạm
EM00052,Yến Dương
EM00053,Khoa Đặng
EM00054,Yến Bùi
EM00055,Tú Xuân Trần
EM00056,Xuân Vũ
EM00057,Dương Phạm
EM00058,Hà Lê
EM00059,Khoa Hải Nguyễn
EM00060,Lâm Bảo Đặng
EM00061,Trung Trần
EM00062,Hà Lê
EM00063,Hữu Nguyễn
EM00064,Xuân Phạm
EM00065,Vân Mai
EM00066,Hải Bùi
EM00067,Minh Mai
EM00068,Hoàng Nguyễn
EM00069,Hạnh Mai Bảo Đặng
EM00070,Vi Đặng
EM00071,Vi Hoàng
EM00072,Hương Nguyễn
EM00073,Huy Bảo Bùi
EM00074,Nam Dương
EM00075,Hà Bùi
EM00076,Vân Mai
EM00077,Lâm Hoàng
EM00078,Lâm Mai
EM00079,An Bùi
EM00080,Tú Đặng
EM00081,Hưng Dương
EM00082,Dũng Văn Đặng
EM00083,Trung Đức Mai
EM00084,Yến Nguyễn
EM00085,Nhật Hữu Nguyễn
EM00086,An Thị Hoàng
EM00087,Nhật Mai Trần
EM00088,Trọng Mai Mai
EM00089,Chi Hoàng
EM00090,Quang Thị Lê
EM00091,Lâm Hoàng
EM00092,Bảo Trí Phạm
EM00093,Thành Dương
EM00094,Vũ Phú Hoàng
EM00095,Ánh Hoàng
EM00096,Tùng Trần
EM00097,Châu Vũ
EM00098,Lâm Lê
EM00099,An Nguyễn
EM00100,Mai Đặng
EM00101,Hạnh Phạm
EM00102,Nhật Mai
EM00103,Khoa Hữu Bùi
EM00104,Lâm Lê
EM00105,Trung Thị Phạm
EM00106,Hạnh Mai
EM00107,Khoa Tấn Vũ
EM00108,Thảo Bùi
EM00109,Dũng Quang Mai
EM00110,Tùng Vũ
EM00111,Xuân Đặng
EM00112,Xuân Lê
EM00113,Nhật Mai Bảo Hoàng
EM00114,Phúc Hữu Mai
EM00115,Chi Trần
EM00116,Yến Vũ
EM00117,Dương Hoàng
EM00118,Khoa Mai Hoàng
EM00119,Kim Bùi
EM00120,Hạnh Đặng
EM00121,Hải Hoàng
EM00122,Minh Vũ
EM00123,Hà Hoàng
EM00124,Thành Bùi
EM00125,Hải Lê
EM00126,Nhật Phú Bùi
EM00127,Vi Vũ
EM00128,Kim Bùi
EM00129,Tú Nguyễn
EM00130,Mai Trần
EM00131,Yến Nguyễn
EM00132,Duyên Mai
EM00133,Duyên Đặng
EM00134,Lâm Vũ
EM00135,Dũng Vũ
EM00136,Thành Xuân Nguyễn
EM00137,Hà Bảo Bùi
EM00138,Lâm Mai Trần
EM00139,Yến Mai
EM00140,Hạnh Hoàng
EM00141,Mai Lê
EM00142,An Mai
EM00143,Dũng Dương
EM00144,Dương Vũ
EM00145,Hồng Trần
EM00146,Hưng Văn Phạm
EM00147,Nhiên Dương
EM00148,Bảo Lê
EM00149,Dương Đặng
EM00150,Trọng Mai
EM00151,Ánh Phạm
EM00152,Châu Vũ
EM00153,Nhiên Lê
EM00154,Thành Mai
EM00155,Huy Nguyễn
EM00156,Hải Trần
EM00157,Thành Đức Mai
EM00158,Linh Vũ
EM00159,Lâm Đặng
EM00160,Nhật Vũ
EM00161,Hải Nguyễn
EM00162,Lâm Phạm
EM00163,Duyên Bùi
EM00164,An Nguyễn
EM00165,Khoa Nguyễn
EM00166,Tùng Mai Bảo Mai
EM00167,Mai Trần
EM00168,Minh Trí Đặng
EM00169,Dũng Mai
EM00170,Tú Dương
EM00171,Tú Nguyễn
EM00172,Mai Vũ
EM00173,Vũ Lê
EM00174,Yến Lê
EM00175,Phương Lê
EM00176,Quang Lê
EM00177,Minh Bùi
EM00178,Huy Nguyễn
EM00179,Nhật Hoàng Vũ
EM00180,Bùi
EM00181,Khoa Mai
EM00182,Phúc Đặng
EM00183,Châu Mai Lê
EM00184,Nhật Đức Dương
EM00185,Thành Nguyễn
EM00186,Châu Quang Vũ
EM00187,Hạnh Lê
EM00188,Thành Mai
EM00189,Lâm Đặng
EM00190,Tùng Văn Đặng
EM00191,Minh Đặng
EM00192,Quang Lê
EM00193,Thảo Phạm
EM00194,Hải Mai
EM00195,Hưng Vũ
EM00196,Dũng Nguyễn
EM00197,Hà Đặng
EM00198,Dương Lê
EM00199,Hải Mai
EM00200,Mai Mai
EM00201,Huy Xuân Phạm
EM00202,Ngọc Hoàng
EM00203,Phúc Mai Bảo Đặng
EM00204,Nhật Vũ
EM00205,Khoa Vũ
EM00206,An Mai Vũ
EM00207,Dũng Vũ
EM00208,Chi Vũ
EM00209,Phương Văn Dương
EM00210,Huy Hữu Đặng
EM00211,Châu Vũ
EM00212,Nhật Đặng
EM00213,Hưng Hải Dương
EM00214,Hà Đức Trần
EM00215,Khoa Phạm
EM00216,Bảo Đặng
EM00217,Vi Vũ
EM00218,Thành Dương
EM00219,Ngọc Lê
EM00220,Thành Phạm
EM00221,Minh Đặng
EM00222,Minh Bùi
EM00223,Hạnh Nguyễn
EM00224,Vân Vũ
EM00225,Yến Trần
EM00226,Quang Đặng
EM00227,Nhật Tấn Phạm
EM00228,Trung Quang Lê
EM00229,Vân Trần
EM00230,Kim Trần
EM00231,Thành Nguyễn
EM00232,Hồng Phạm
EM00233,Hà Hải Mai
EM00234,Duyên Đặng
EM00235,Khoa Hải Dương
EM00236,Vũ Thị Trần
EM00237,Nhật Mai Trần
EM00238,Vân Trần
EM00239,Phúc Mai Mai
EM00240,Nguyễn
EM00241,Mai Đặng
EM00242,Ánh Hoàng
EM00243,Chi Lê
EM00244,Hương Lê
EM00245,Hoàng Bùi
EM00246,Huy Dương
EM00247,Nam Quang Lê
EM00248,Mai Bùi
EM00249,Mai Lê
EM00250,Tùng Lê
EM00251,Vi Dương
EM00252,Xuân Vũ
EM00253,Châu Mai Bảo Nguyễn
EM00254,Nhật Tấn Trần
EM00255,Khoa Trần
EM00256,Hạnh Dương
EM00257,Nguyễn
EM00258,Lâm Hoàng Phạm
EM00259,Yến Trần
EM00260,Thảo Vũ
EM00261,Phúc Hoàng Dương
EM00262,Vũ Lê
EM00263,Hà Bùi
EM00264,Tùng Bùi
EM00265,Thành Mai
EM00266,Xuân Bùi
EM00267,Hồng Hoàng
EM00268,Hồng Phạm
EM00269,Thành Đức Mai
EM00270,Dũng Phạm
EM00271,Phúc Mai
EM00272,Nhật Hoàng
EM00273,Hương Mai
EM00274,Khoa Nguyễn
EM00275,Kim Đặng
EM00276,Minh Đức Hoàng
EM00277,Vi Bùi
EM00278,Nhật Thế Bùi
EM00279,Hải Đặng
EM00280,Hạnh Phạm
EM00281,Trung Đặng
EM00282,Hải Mai
EM00283,Vũ Mai
EM00284,Dương Mai
EM00285,Phúc Bùi
EM00286,Trung Đặng
EM00287,Hồng Phạm
EM00288,Hà Bảo Phạm
EM00289,Bảo Nguyễn
EM00290,Ngọc Hoàng
EM00291,Huy Lê
EM00292,Quang Lê
EM00293,Hoàng Tấn Vũ
EM00294,Châu Hoàng
EM00295,Quang Đức Nguyễn
EM00296,Trọng Đặng
EM00297,Châu Hoàng
EM00298,Kim Lê
EM00299,Hải Phạm
EM00300,Lâm Đặng
EM00301,Huy Phú Lê
EM00302,Ngọc Vũ
EM00303,Mai Bảo Nguyễn
EM00304,Quang Quang Hoàng
EM00305,Hạnh Lê
EM00306,Thảo Phạm
EM00307,Khoa Mai
EM00308,Hạnh Nguyễn
EM00309,Ánh Trần
EM00310,An Hữu Lê
EM00311,Phúc Nguyễn
EM00312,Lan Phạm
EM00313,Dương Dương
EM00314,Hoàng Mai
EM00315,Hạnh Mai
EM00316,Tú Mai Bảo Lê
EM00317,Minh Lê
EM00318,Dũng Phú Nguyễn
EM00319,Vũ Vũ
EM00320,Hà Đức Phạm
EM00321,Kim Đặng
EM00322,Thành Mai
EM00323,Dương Trần
EM00324,Dũng Lê
EM00325,Lâm Quang Nguyễn
EM00326,Phúc Nguyễn
EM00327,Hoàng Phạm
EM00328,Ngọc Dương
EM00329,Dũng Hoàng
EM00330,Lan Lê
EM00331,Hương Phạm
EM00332,Phương Hoàng
EM00333,Quang Phạm
EM00334,Hà Bùi
EM00335,Lâm Hoàng Lê
EM00336,Nam Xuân Đặng
EM00337,Duyên Bùi
EM00338,Phương Bùi
EM00339,Hà Văn Vũ
EM00340,Tùng Trần
EM00341,Nhật Hoàng
EM00342,Hải Thế Đặng
EM00343,An Trần
EM00344,Lâm Đức Trần
EM00345,Duyên Vũ
EM00346,Thảo Phạm
EM00347,An Phạm
EM00348,Hà Trần
EM00349,Châu Nguyễn
EM00350,Tấn Hoàng
EM00351,Tùng Lê
EM00352,An Trần
EM00353,Vũ
EM00354,Hà Vũ
EM00355,Hạnh Lê
EM00356,Tùng Mai
EM00357,Vi Mai
EM00358,Nam Phạm
EM00359,Nhiên Phạm
EM00360,Tú Đức Đặng
EM00361,Xuân Hoàng
EM00362,Ngọc Trần
EM00363,Khoa Phú Dương
EM00364,Tùng Mai
EM00365,Thế Lê
EM00366,Vi Trần
EM00367,Hà Đặng
EM00368,Linh Dương
EM00369,Trọng Mai Mai
EM00370,Quang Nguyễn
EM00371,Nhật Thế Nguyễn
EM00372,Thành Mai
EM00373,Kim Trí Vũ
EM00374,Vân Lê
EM00375,Vân Phạm
EM00376,Xuân Dương
EM00377,Hoàng Mai Bảo Trần
EM00378,Kim Hoàng Nguyễn
EM00379,Minh Thế Phạm
EM00380,Bảo Thế Vũ
EM00381,Lan Nguyễn
EM00382,Khoa Thị Phạm
EM00383,Hải Hoàng Dương
EM00384,Ánh Nguyễn
EM00385,Ánh Dương
EM00386,Thành Thế Nguyễn
EM00387,Lâm Nguyễn
EM00388,Kim Hữu Dương
EM00389,Vũ Đức Đặng
EM00390,Phúc Phạm
EM00391,Vân Trần
EM00392,Phương Vũ
EM00393,Tùng Vũ
EM00394,Châu Đức Nguyễn
EM00395,Quang Nguyễn
EM00396,Tú Trần
EM00397,Nhật Trần
EM00398,Hải Bùi
EM00399,Vi Đặng
EM00400,Nhật Bùi
EM00401,Nhật Bùi
EM00402,Khoa Trần
EM00403,Ánh Đặng
EM00404,Thành Bùi
EM00405,Chi Bùi
EM00406,Tùng Đức Trần
EM00407,Hương Lê
EM00408,Phương Quang Vũ
EM00409,Quang Mai
EM00410,Hà Trần
EM00411,Hà Lê
EM00412,Nhật Đặng
EM00413,Nhật Nguyễn
EM00414,Khoa Trần
EM00415,Nhật Thị Phạm
EM00416,Nhiên Trí Trần
EM00417,Thành Vũ
EM00418,Mai Trần
EM00419,Nhật Phạm
EM00420,Dương Dương
EM00421,Bảo Thị Nguyễn
EM00422,Lâm Dương
EM00423,Khoa Lê
EM00424,Nhật Dương
EM00425,Tùng Hoàng
EM00426,Thảo Dương
EM00427,Thành Quang Mai
EM00428,Tú Mai Bảo Trần
EM00429,Hương Đặng
EM00430,Phú Mai
EM00431,Thảo Mai
EM00432,Hà Hoàng
EM00433,Hạnh Trần
EM00434,Bảo Trần
EM00435,Tùng Nguyễn
EM00436,Hải Thị Lê
EM00437,Chi Đặng
EM00438,Vi Hoàng
EM00439,Kim Lê
EM00440,Ngọc Nguyễn
EM00441,Chi Hoàng
EM00442,Hồng Phạm
EM00443,Thành Dương
EM00444,Hương Bùi
EM00445,Bảo Phạm
EM00446,Trọng Xuân Mai
EM00447,Khoa Tấn Đặng
EM00448,Kim Đức Hoàng
EM00449,Nam Bùi
EM00450,Minh Đặng
EM00451,Trọng Hữu Mai
EM00452,Trọng Đặng
EM00453,Linh Nguyễn
EM00454,Mai Hoàng
EM00455,Tùng Nguyễn
EM00456,Bảo Mai
EM00457,Hải Trần
EM00458,An Lê
EM00459,Dương
EM00460,Trọng Lê
EM00461,Kim Mai Bảo Hoàng
EM00462,Lê
EM00463,Tú Nguyễn
EM00464,Hưng Dương
EM00465,Nhật Dương
EM00466,Thành Mai Trần
EM00467,Quang Bùi
EM00468,Dũng Mai
EM00469,Hải Lê
EM00470,Khoa Văn Nguyễn
EM00471,Kim Bùi
EM00472,Hoàng Đặng
EM00473,Kim Mai
EM00474,Tùng Đức Dương
EM00475,Hải Nguyễn
EM00476,Nhật Hoàng
EM00477,Khoa Nguyễn
EM00478,Khoa Quang Trần
EM00479,Ánh Dương
EM00480,Nhật Bảo Lê
EM00481,Hương Phạm
EM00482,Hồng Hoàng
EM00483,Hà Hải Mai
EM00484,Khoa Vũ
EM00485,An Đặng
EM00486,Hà Lê
EM00487,Hoàng Hoàng
EM00488,Phúc Nguyễn
EM00489,Kim Nguyễn
EM00490,Yến Trần
EM00491,Tùng Đặng
EM00492,Minh Phạm
EM00493,Hải Dương
EM00494,Thành Lê
EM00495,Linh Trần
EM00496,Minh Phạm
EM00497,Chi Lê
EM00498,An Xuân Hoàng
EM00499,Nhật Hoàng
EM00500,Lan Mai
EM00501,Nhiên Mai Vũ
EM00502,An Nguyễn
EM00503,Dương Bùi
EM00504,Khoa Văn Lê
EM00505,Hạnh Đức Dương
EM00506,An Dương
EM00507,Phúc Mai
EM00508,Hà Phạm
EM00509,Duyên Phạm
EM00510,Trung Quang Trần
EM00511,Mai
EM00512,Tú Xuân Mai
EM00513,Nhật Vũ
EM00514,Hà Phạm
EM00515,Khoa Quang Dương
EM00516,Nhật Bảo Lê
EM00517,Hương Nguyễn
EM00518,Bảo Mai
EM00519,Hưng Mai Bảo Dương
EM00520,Hương Đặng
EM00521,Hoàng Mai
EM00522,Hoàng Đức Đặng
EM00523,Tú Nguyễn
EM00524,Hưng Vũ
EM00525,Trọng Bùi
EM00526,Hưng Trần
EM00527,Vũ Mai
EM00528,Dũng Hoàng
EM00529,Linh Trần
EM00530,Tú Nguyễn
EM00531,Hoàng Phạm
EM00532,Khoa Trí Mai
EM00533,Nhiên Bùi
EM00534,Hưng Dương
EM00535,Minh Bùi
EM00536,Trung Đức Phạm
EM00537,Bảo Đặng
EM00538,Vi Nguyễn
EM00539,Khoa Bảo Lê
EM00540,Duyên Hoàng
EM00541,Phương Tấn Bùi
EM00542,Quang Văn Dương
EM00543,Huy Phạm
EM00544,Khoa Bùi
EM00545,Bảo Hoàng
EM00546,Khoa Hải Nguyễn
EM00547,Ngọc Lê
EM00548,Bảo Hoàng
EM00549,Quang Bùi
EM00550,Hoàng Trần
EM00551,Minh Hải Lê
EM00552,Ngọc Bùi
EM00553,Tùng Lê
EM00554,Duyên Bùi
EM00555,Hoàng
EM00556,Nguyễn
EM00557,Mai Hoàng
EM00558,Hưng Phạm
EM00559,Nhật Quang Nguyễn
EM00560,An Dương
EM00561,Hạnh Dương
EM00562,Hải Hải Dương
EM00563,Duyên Đặng
EM00564,Phương Đặng
EM00565,Khoa Nguyễn
EM00566,Tú Trí Dương
EM00567,An Đặng
EM00568,Hạnh Trần
EM00569,Hương Vũ
EM00570,Vũ
EM00571,Khoa Mai
EM00572,Minh Tấn Đặng
EM00573,An Đức Đặng
EM00574,Châu Mai Bảo Đặng
EM00575,Tú Bùi
EM00576,Hà Đặng
EM00577,Lâm Đức Dương
EM00578,Tú Bùi
EM00579,Phạm
EM00580,Hồng Vũ
EM00581,Huy Mai
EM00582,Yến Phạm
EM00583,Bảo Hoàng Trần
EM00584,Vũ Dương
EM00585,Hạnh Bảo Nguyễn
EM00586,Hưng Mai
EM00587,Trung Trần
EM00588,Hương Bùi
EM00589,Khoa Mai
EM00590,Quang Tấn Dương
EM00591,Huy Nguyễn
EM00592,Duyên Mai
EM00593,Chi Bùi
EM00594,Lâm Hoàng
EM00595,Trung Hải Mai
EM00596,Hồng Dương
EM00597,Vi Vũ
EM00598,Vi Đặng
EM00599,Lê
EM00600,Hạnh Lê
EM00601,Dương Vũ
EM00602,Hải Phú Đặng
EM00603,Nhiên Thị Lê
EM00604,Hà Mai Bảo Đặng
EM00605,Châu Nguyễn
EM00606,Nhật Thế Trần
EM00607,Tú Phạm
EM00608,Lâm Hoàng
EM00609,An Phạm
EM00610,Thảo Đặng
EM00611,Chi Đặng
EM00612,Chi Lê
EM00613,Thành Vũ
EM00614,Hoàng Đức Nguyễn
EM00615,Huy Đức Hoàng
EM00616,Quang Vũ
EM00617,Mai
EM00618,Trọng Tấn Mai
EM00619,Khoa Vũ
EM00620,Hải Thế Vũ
EM00621,Thảo Hoàng
EM00622,Yến Trần
EM00623,Phúc Hoàng
EM00624,Hoàng Tấn Trần
EM00625,Trung Lê
EM00626,Hà Hữu Trần
EM00627,Hoàng
EM00628,Khoa Đặng
EM00629,Phúc Vũ
EM00630,Khoa Mai
EM00631,Thành Dương
EM00632,Hải Nguyễn
EM00633,Lan Dương
EM00634,Yến Trần
EM00635,Chi Bùi
EM00636,Lan Lê
EM00637,Vân Lê
EM00638,Bảo Vũ
EM00639,Nhật Hoàng
EM00640,Bảo Vũ
EM00641,Thành Mai
EM00642,Bảo Bùi
EM00643,Hải Văn Phạm
EM00644,Bùi
EM00645,Phương Phạm
EM00646,Mai Phạm
EM00647,Khoa Hoàng
EM00648,Châu Bùi
EM00649,Bảo Phạm
EM00650,Phương Nguyễn
EM00651,Châu Hoàng Mai
EM00652,Bảo Phạm
EM00653,Châu Mai Vũ
EM00654,Nhật Bảo Dương
EM00655,Lâm Dương
EM00656,Hải Hoàng
EM00657,Nhật Hữu Đặng
EM00658,Tú Đặng
EM00659,Hải Mai
EM00660,Tùng Quang Vũ
EM00661,Hải Mai
EM00662,Lan Đặng
EM00663,Hưng Lê
EM00664,Vi Vũ
EM00665,Kim Xuân Vũ
EM00666,Tùng Lê
EM00667,Lâm Phạm
EM00668,Trọng Phạm
EM00669,Tú Bùi
EM00670,Quang Bùi
EM00671,Dương Trần
EM00672,Vân Dương
EM00673,Thành Tấn Trần
EM00674,Quang Xuân Dương
EM00675,Minh Mai
EM00676,Duyên Vũ
EM00677,Lan Trần
EM00678,Nhật Phạm
EM00679,Dương Lê
EM00680,Nhật Lê
EM00681,Kim Hữu Bùi
EM00682,Duyên Lê
EM00683,Bảo Nguyễn
EM00684,Chi Đặng
EM00685,Hưng Đức Vũ
EM00686,Hưng Hữu Phạm
EM00687,Lâm Đức Hoàng
EM00688,Trung Trần
EM00689,Khoa Phạm
EM00690,Hải Lê
EM00691,Vân Bùi
EM00692,Mai Dương
EM00693,Nguyễn
EM00694,An Đặng
EM00695,Ánh Hoàng
EM00696,Vi Nguyễn
EM00697,Trọng Văn Mai
EM00698,Bảo Trí Bùi
EM00699,Lan Mai
EM00700,Bảo Trần
EM00701,Mai Trần
EM00702,Nhật Vũ
EM00703,Dương Mai
EM00704,An Mai
EM00705,Huy Đặng
EM00706,Kim Đặng
EM00707,Kim Quang Mai
EM00708,Bảo Phú Nguyễn
EM00709,Kim Trần
EM00710,Nhật Xuân Trần
EM00711,Ngọc Đặng
EM00712,Mai Mai
EM00713,Hưng Hoàng
EM00714,Hoàng Hải Dương
EM00715,Khoa Hải Vũ
EM00716,Tú Nguyễn
EM00717,Nam Hoàng
EM00718,Hương Mai
EM00719,Quang Hữu Nguyễn
EM00720,Thành Thế Lê
EM00721,Nhật Mai Bùi
EM00722,Lan Lê
EM00723,An Đặng
EM00724,Quang Trí Lê
EM00725,Thành Vũ
EM00726,An Nguyễn
EM00727,An Đặng
EM00728,Tú Đặng
EM00729,Ánh Vũ
EM00730,Nhật Vũ
EM00731,Thành Đức Hoàng
EM00732,Nam Dương
EM00733,Yến Nguyễn
EM00734,Nhật Quang Lê
EM00735,Hạnh Bùi
EM00736,Hải Văn Bùi
EM00737,Vũ Lê
EM00738,Thành Mai
EM00739,Hạnh Nguyễn
EM00740,Hà Vũ
EM00741,Thành Trần
EM00742,Tú Dương
EM00743,Phương Đức Mai
EM00744,Hải Dương
EM00745,Hưng Trần
EM00746,Kim Mai
EM00747,Hương Dương
EM00748,Quang Hữu Lê
EM00749,An Lê
EM00750,Bảo Trần
EM00751,Thảo Bùi
EM00752,Huy Đức Lê
EM00753,Nhật Mai
EM00754,Hương Hoàng
EM00755,Hà Vũ
EM00756,Duyên Đặng
EM00757,Tùng Xuân Nguyễn
EM00758,Xuân Dương
EM00759,Dương Trần
EM00760,Dương Lê
EM00761,Châu Dương
EM00762,Bảo Lê
EM00763,Yến Phạm
EM00764,Phương Vũ
EM00765,Khoa Hoàng Hoàng
EM00766,Thành Văn Nguyễn
EM00767,Ánh Dương
EM00768,Hồng Lê
EM00769,Vũ Lê
EM00770,Thảo Mai
EM00771,Xuân Bùi
EM00772,Thành Vũ
EM00773,Xuân Nguyễn
EM00774,Phúc Bùi
EM00775,Phương Vũ
EM00776,Hải Thế Mai
EM00777,Hải Thị Vũ
EM00778,Quang Hữu Nguyễn
EM00779,Quang Hoàng
EM00780,Vân Lê
EM00781,Quang Vũ
EM00782,Lâm Dương
EM00783,Lâm Quang Trần
EM00784,Trung Nguyễn
EM00785,Dũng Lê
EM00786,Hạnh Lê
EM00787,Nhật Hữu Phạm
EM00788,Linh Hoàng
EM00789,Minh Mai
EM00790,Huy Mai Lê
EM00791,Bảo Lê
EM00792,Bảo Xuân Bùi
EM00793,Nhật Phạm
EM00794,Nam Xuân Đặng
EM00795,Châu Nguyễn
EM00796,Thành Bùi
EM00797,Mai Dương
EM00798,Thị Phạm
EM00799,Khoa Hoàng
EM00800,Tùng Hữu Bùi
EM00801,Trí Mai
EM00802,Ánh Dương
EM00803,Hải Trần
EM00804,Nhật Bùi
EM00805,Nhật Phạm
EM00806,Nhật Đức Mai
EM00807,Phúc Hải Phạm
EM00808,Quang Trí Lê
EM00809,Tùng Hữu Bùi
EM00810,Bảo Phạm
EM00811,Duyên Vũ
EM00812,Nhật Đặng
EM00813,Tùng Văn Vũ
EM00814,Hưng Phạm
EM00815,Vân Phạm
EM00816,Hưng Bùi
EM00817,Dũng Đặng
EM00818,Hà Hoàng
EM00819,Trung Đặng
EM00820,Trọng Nguyễn
EM00821,Thảo Vũ
EM00822,Ánh Vũ
EM00823,Vi Hoàng
EM00824,Hoàng Trí Hoàng
EM00825,Hà Tấn Mai
EM00826,Hồng Vũ
EM00827,Hoàng Dương
EM00828,Lâm Bùi
EM00829,Kim Mai
EM00830,Ngọc Trần
EM00831,Bảo Vũ
EM00832,Vũ Hải Vũ
EM00833,Dũng Mai Đặng
EM00834,Nhật Mai Bảo Phạm
EM00835,Hưng Lê
EM00836,Hoàng Vũ
EM00837,Nhật Hải Lê
EM00838,Nhật Trí Trần
EM00839,Ánh Bùi
EM00840,Nhiên Đức Đặng
EM00841,Bảo Vũ
EM00842,Phương Lê
EM00843,Ánh Dương
EM00844,Lâm Bảo Dương
EM00845,Bảo Trí Dương
EM00846,Khoa Vũ
EM00847,Trọng Phạm
EM00848,Huy Bùi
EM00849,Hà Lê
EM00850,An Xuân Nguyễn
EM00851,Nhật Dương
EM00852,Nam Văn Vũ
EM00853,Dũng Trí Nguyễn
EM00854,Xuân Vũ
EM00855,Vi Dương
EM00856,Hải Bùi
EM00857,Hải Đặng
EM00858,Chi Dương
EM00859,Bảo Lê
EM00860,Minh Vũ
EM00861,Vũ Phạm
EM00862,Tú Trần
EM00863,Hoàng Nguyễn
EM00864,Hải Hải Phạm
EM00865,Nhật Vũ
EM00866,Hoàng Nguyễn
EM00867,Mai Bùi
EM00868,Lâm Lê
EM00869,Hoàng Dương
EM00870,Kim Trần
EM00871,Chi Bùi
EM00872,Trọng Hoàng Trần
EM00873,Châu Đức Dương
EM00874,Bảo Phạm
EM00875,Chi Bùi
EM00876,Khoa Nguyễn
EM00877,Nam Dương
EM00878,Thành Phạm
EM00879,Hưng Bùi
EM00880,Kim Dương
EM00881,Thành Vũ
EM00882,Phúc Dương
EM00883,Xuân Bùi
EM00884,Hạnh Trí Nguyễn
EM00885,Châu Trí Dương
EM00886,Minh Lê
EM00887,Nhật Đức Lê
EM00888,Dũng Vũ
EM00889,Lâm Phạm
EM00890,Trọng Trần
EM00891,Ngọc Trần
EM00892,Nhật Hoàng
EM00893,Hồng Bùi
EM00894,Lâm Dương
EM00895,Vũ Vũ
EM00896,Nhật Dương
EM00897,Hải Nguyễn
EM00898,Mai Đặng
EM00899,Hạnh Đức Đặng
EM00900,Trọng Hoàng
EM00901,Quang Mai
EM00902,Chi Bùi
EM00903,Tùng Mai
EM00904,Phúc Trần
EM00905,Ánh Bùi
EM00906,Lâm Đặng
EM00907,Thế Hoàng
EM00908,An Tấn Trần
EM00909,Phúc Đặng
EM00910,Lâm Vũ
EM00911,Hưng Đức Lê
EM00912,Linh Lê
EM00913,Nhật Mai
EM00914,Quang Đặng
EM00915,Khoa Phạm
EM00916,Hạnh Đặng
EM00917,Nhật Hoàng
EM00918,Khoa Mai
EM00919,Vi Lê
EM00920,Lâm Đặng
EM00921,Xuân Mai
EM00922,Tú Bùi
EM00923,Ánh Lê
EM00924,An Lê
EM00925,Chi Lê
EM00926,Nam Xuân Phạm
EM00927,An Trần
EM00928,Nhật Mai
EM00929,Lan Vũ
EM00930,Vi Lê
EM00931,Khoa Phạm
EM00932,Hạnh Vũ
EM00933,Bảo Phú Lê
EM00934,Châu Hoàng
EM00935,Phương Bùi
EM00936,Lan Bùi
EM00937,Trọng Lê
EM00938,Vân Dương
EM00939,Dũng Dương
EM00940,Tú Bùi
EM00941,Lâm Hoàng
EM00942,Lâm Trí Phạm
EM00943,Phương Xuân Dương
EM00944,Quang Hoàng
EM00945,Nhật Phạm
EM00946,Hoàng Vũ
EM00947,Kim Hải Nguyễn
EM00948,Huy Thế Vũ
EM00949,Khoa Mai
EM00950,Khoa Nguyễn
EM00951,Linh Nguyễn
EM00952,Châu Mai Dương
EM00953,Ngọc Dương
EM00954,Nhật Đặng
EM00955,Nhật Đức Nguyễn
EM00956,Lâm Hữu Lê
EM00957,Bảo Phạm
EM00958,Châu Đặng
EM00959,Châu Thị Vũ
EM00960,Hà Mai
EM00961,Thành Vũ
EM00962,Tú Trí Mai
EM00963,Hoàng Hoàng
EM00964,Dương Dương
EM00965,Yến Bùi
EM00966,Quang Trần
EM00967,Châu Vũ
EM00968,An Phú Vũ
EM00969,Nhật Mai
EM00970,Kim Bùi
EM00971,Vũ Trần
EM00972,Hải Quang Dương
EM00973,Hải Hải Bùi
EM00974,Nhật Dương
EM00975,Quang Văn Lê
EM00976,Hồng Phạm
EM00977,Linh Dương
EM00978,Trung Trần
EM00979,Lâm Dương
EM00980,Tú Vũ
EM00981,Kim Mai
EM00982,Thành Dương
EM00983,Nhật Phạm
EM00984,Thành Vũ
EM00985,Châu Trí Bùi
EM00986,Yến Dương
EM00987,Khoa Trần
EM00988,Thành Trần
EM00989,Thành Nguyễn
EM00990,Yến Phạm
EM00991,Nhiên Đặng
EM00992,Ngọc Vũ
EM00993,Lâm Hoàng
EM00994,Hoàng
EM00995,Vân Dương
EM00996,Hải Quang Lê
EM00997,Trung Đặng
EM00998,Dương Mai
EM00999,Khoa Mai
EM01000,Linh Hoàng
EM01001,Hồng Bùi
EM01002,Thành Thị Vũ
EM01003,Quang Vũ
EM01004,Duyên Vũ
EM01005,Bảo Đức Mai
EM01006,Hạnh Phạm
EM01007,Bảo Lê
EM01008,Nhiên Lê
EM01009,Bảo Xuân Nguyễn
EM01010,Hải Đức Lê
EM01011,Minh Dương
EM01012,Khoa Hoàng
EM01013,Vân Nguyễn
EM01014,Mai Đặng
EM01015,Ngọc Trần
EM01016,Nam Xuân Nguyễn
EM01017,Thảo Vũ
EM01018,Lâm Nguyễn
EM01019,An Nguyễn
EM01020,Bảo Hải Nguyễn
EM01021,Quang Hoàng Đặng
EM01022,Minh Quang Mai
EM01023,Bảo Hoàng
EM01024,Phương Đức Trần
EM01025,Tú Hoàng Phạm
EM01026,Trung Hải Dương
EM01027,Châu Phú Hoàng
EM01028,Ánh Bùi
EM01029,Thành Thị Hoàng
EM01030,Nhật Phạm
EM01031,Nhật Hoàng
EM01032,Thành Dương
EM01033,Trọng Dương
EM01034,Kim Đức Mai
EM01035,Khoa Mai
EM01036,Khoa Phạm
EM01037,Nhật Phạm
EM01038,Khoa Phạm
EM01039,Vũ Trí Vũ
EM01040,Bảo Phạm
EM01041,Trọng Dương
EM01042,Hưng Hải Hoàng
EM01043,Nhật Thế Hoàng
EM01044,Khoa Bùi
EM01045,Nhật Phạm
EM01046,Nhật Phạm
EM01047,Khoa Mai Bảo Mai
EM01048,Trung Dương
EM01049,Nhật Đặng
EM01050,Hải Mai Bảo Lê
EM01051,Thảo Dương
EM01052,Vi Trần
EM01053,Trọng Đặng
EM01054,Kim Trần
EM01055,Khoa Vũ
EM01056,Khoa Đặng
EM01057,Tú Đức Phạm
EM01058,Chi Lê
EM01059,Hạnh Hải Phạm
EM01060,Hạnh Trần
EM01061,Dũng Bảo Phạm
EM01062,Nhật Trần
EM01063,Nhiên Thị Lê
EM01064,Hải Lê
EM01065,Hà Mai
EM01066,Nhật Đức Bùi
EM01067,Thành Đức Bùi
EM01068,Minh Mai Bảo Nguyễn
EM01069,Nhiên Hoàng
EM01070,Hải Hữu Bùi
EM01071,Kim Vũ
EM01072,An Hoàng
EM01073,Linh Hoàng
EM01074,Châu Nguyễn
EM01075,Trung Bùi
EM01076,Ánh Đặng
EM01077,Vũ Nguyễn
EM01078,Hải Đặng
EM01079,Thành Thị Mai
EM01080,Bảo Phạm
EM01081,Huy Đức Nguyễn
EM01082,Trọng Vũ
EM01083,Ngọc Đặng
EM01084,Lâm Hoàng
EM01085,Trọng Lê
EM01086,Châu Bùi
EM01087,Lê
EM01088,Hải Trần
EM01089,Kim Lê
EM01090,Thành Nguyễn
EM01091,Lan Bùi
EM01092,Hương Trần
EM01093,Quang Lê
EM01094,Bảo Vũ
EM01095,Bảo Bùi
EM01096,Thành Tấn Trần
EM01097,Hương Hoàng
EM01098,Châu Thị Đặng
EM01099,Châu Phạm
EM01100,Nam Mai Hoàng
EM01101,Dũng Tấn Phạm
EM01102,Minh Đức Dương
EM01103,Hạnh Hoàng Lê
EM01104,Lâm Mai
EM01105,Chi Vũ
EM01106,Thảo Mai
EM01107,Nhật Trần
EM01108,Phúc Đặng
EM01109,Nam Trí Phạm
EM01110,Châu Thế Bùi
EM01111,Phương Trí Lê
EM01112,Ánh Nguyễn
EM01113,Trung Lê
EM01114,An Đặng
EM01115,Mai Dương
EM01116,Châu Vũ
EM01117,Duyên Vũ
EM01118,Lâm Hoàng
EM01119,Lan Hoàng
EM01120,Nhiên Hoàng Đặng
EM01121,Nam Bùi
EM01122,Khoa Hoàng
EM01123,Hải Vũ
EM01124,Xuân Vũ
EM01125,Hồng Đặng
EM01126,Nam Thế Dương
EM01127,Thành Đức Mai
EM01128,Minh Bùi
EM01129,Thảo Mai
EM01130,Huy Phú Hoàng
EM01131,An Nguyễn
EM01132,Mai Mai
EM01133,Dũng Hoàng
EM01134,Thành Nguyễn
EM01135,Thảo Lê
EM01136,Xuân Phạm
EM01137,Hưng Mai
EM01138,Nam Vũ
EM01139,Hà Văn Đặng
EM01140,Nhiên Phú Lê
EM01141,Quang Trần
EM01142,Quang Thị Trần
EM01143,Thành Hoàng
EM01144,Hà Hoàng
EM01145,Hoàng Hoàng Đặng
EM01146,Mai Đặng
EM01147,Nhật Nguyễn
EM01148,Bảo Nguyễn
EM01149,Hà Trí Phạm
EM01150,Huy Vũ
EM01151,Lan Lê
EM01152,Hoàng Trần
EM01153,Dương Vũ
EM01154,Phúc Dương
EM01155,Bảo Nguyễn
EM01156,Thành Hữu Phạm
EM01157,An Đặng
EM01158,Dương Phạm
EM01159,Lâm Trần
EM01160,Hải Nguyễn
EM01161,Lâm Lê
EM01162,Ánh Đặng
EM01163,Hoàng Nguyễn
EM01164,Nhật Phạm
EM01165,Tùng Mai
EM01166,Lâm Đặng
EM01167,Khoa Dương
EM01168,Hoàng Dương
EM01169,Tú Mai
EM01170,Trung Phạm
EM01171,Bảo Đặng
EM01172,An Bảo Bùi
EM01173,Châu Tấn Lê
EM01174,Ánh Dương
EM01175,Xuân Hoàng
EM01176,Minh Trần
EM01177,Vi Phạm
EM01178,Lan Bùi
EM01179,Khoa Bảo Phạm
EM01180,Minh Mai
EM01181,Huy Hải Nguyễn
EM01182,Khoa Bảo Lê
EM01183,Hạnh Lê
EM01184,Kim Phạm
EM01185,Huy Trần
EM01186,Khoa Quang Hoàng
EM01187,Khoa Mai
EM01188,Nhiên Dương
EM01189,Hương Bùi
EM01190,Lâm Đặng
EM01191,Nam Hữu Dương
EM01192,Phúc Phạm
EM01193,Quang Bùi
EM01194,Huy Trần
EM01195,Tú Xuân Phạm
EM01196,Hà Hoàng Vũ
EM01197,Trung Nguyễn
EM01198,Trọng Mai
EM01199,Nhật Vũ
EM01200,Nhật Dương
EM01201,Linh Trần
EM01202,Trung Thị Nguyễn
EM01203,Nhiên Quang Phạm
EM01204,Nhiên Quang Nguyễn
EM01205,Hà Đức Vũ
EM01206,Kim Trần
EM01207,Thành Trần
EM01208,Quang Nguyễn
EM01209,Thị Đặng
EM01210,Phương Văn Bùi
EM01211,Hà Bùi
EM01212,Trung Hoàng
EM01213,Trung Đức Mai
EM01214,Kim Bùi
EM01215,Ánh Trần
EM01216,Trọng Nguyễn
EM01217,Yến Nguyễn
EM01218,Thành Mai Bảo Vũ
EM01219,Lâm Lê
EM01220,Thành Văn Phạm
EM01221,Hải Mai Mai
EM01222,Nhật Đức Mai
EM01223,Chi Hoàng
EM01224,Lâm Mai Phạm
EM01225,Nhật Nguyễn
EM01226,Hưng Hoàng
EM01227,Hồng Lê
EM01228,Hạnh Dương
EM01229,Phương Nguyễn
EM01230,Xuân Lê
EM01231,Nhật Xuân Dương
EM01232,Khoa Thị Hoàng
EM01233,Hưng Lê
EM01234,An Mai
EM01235,Quang Vũ
EM01236,Hà Phạm
EM01237,Linh Hoàng
EM01238,Nhật Quang Dương
EM01239,Thảo Vũ
EM01240,Khoa Trần
EM01241,An Đức Phạm
EM01242,Nhật Dương
EM01243,Bảo Mai
EM01244,Dương Đặng
EM01245,Hồng Trần
EM01246,Thành Bùi
EM01247,Kim Nguyễn
EM01248,Trọng Đặng
EM01249,Vũ Vũ
EM01250,Hồng Trần
EM01251,Trọng Hoàng
EM01252,Tú Nguyễn
EM01253,Lâm Vũ
EM01254,Nam Phú Trần
EM01255,Trọng Bùi
EM01256,Hà Nguyễn
EM01257,Kim Nguyễn
EM01258,Thành Lê
EM01259,Nhiên Dương
EM01260,Vân Đặng
EM01261,Thành Tấn Nguyễn
EM01262,Khoa Vũ
EM01263,Duyên Lê
EM01264,Vi Đặng
EM01265,Khoa Xuân Hoàng
EM01266,Xuân Bùi
EM01267,Quang Phạm
EM01268,Khoa Thị Hoàng
EM01269,Dũng Trí Đặng
EM01270,Lan Nguyễn
EM01271,Hà Vũ
EM01272,Vũ Dương
EM01273,Ánh Phạm
EM01274,Phúc Nguyễn
EM01275,Trọng Đặng
EM01276,Lâm Vũ
EM01277,Xuân Trần
EM01278,Vân Lê
EM01279,Chi Đặng
EM01280,Nhật Bùi
EM01281,Thành Nguyễn
EM01282,Yến Nguyễn
EM01283,Vũ Đức Hoàng
EM01284,Vân Phạm
EM01285,Dũng Dương
EM01286,Phúc Mai
EM01287,Bảo Mai
EM01288,Dũng Trần
EM01289,Bảo Nguyễn
EM01290,Thành Trần
EM01291,Bảo Trí Phạm
EM01292,Nhật Hoàng
EM01293,Nhiên Xuân Nguyễn
EM01294,Hoàng Vũ
EM01295,Thành Vũ
EM01296,Xuân Phạm
EM01297,Khoa Bùi
EM01298,Huy Nguyễn
EM01299,Huy Phạm
EM01300,Hạnh Bảo Trần
EM01301,Quang Trần
EM01302,Lâm Phú Mai
EM01303,Hà Hoàng Mai
EM01304,Linh Vũ
EM01305,Quang Đặng
EM01306,An Đặng
EM01307,Hà Lê
EM01308,Nam Bảo Bùi
EM01309,Trọng Đặng
EM01310,Nhật Đặng
EM01311,Tú Đặng
EM01312,Phương Phạm
EM01313,Quang Quang Lê
EM01314,Châu Xuân Hoàng
EM01315,Trọng Đặng
EM01316,Khoa Vũ
EM01317,Hoàng Dương
EM01318,Huy Hoàng
EM01319,Mai Phạm
EM01320,Minh Xuân Trần
EM01321,Lâm Bùi
EM01322,Hương Hoàng
EM01323,Quang Hoàng
EM01324,Phương Bảo Nguyễn
EM01325,Vân Đặng
EM01326,Yến Đặng
EM01327,Yến Dương
EM01328,Vũ Dương
EM01329,Phương Phạm
EM01330,Xuân Bùi
EM01331,Ngọc Bùi
EM01332,Vân Bùi
EM01333,Linh Bùi
EM01334,Thảo Trần
EM01335,Đặng
EM01336,Khoa Thế Bùi
EM01337,Chi Lê
EM01338,Khoa Nguyễn
EM01339,Khoa Xuân Nguyễn
EM01340,An Lê
EM01341,Bảo Xuân Phạm
EM01342,Hà Phạm
EM01343,Tùng Nguyễn
EM01344,Kim Thế Trần
EM01345,Nhật Bùi
EM01346,Quang Phạm
EM01347,Duyên Trần
EM01348,Kim Thị Phạm
EM01349,Thành Nguyễn
EM01350,Ánh Hoàng
EM01351,Nhật Mai
EM01352,Thành Văn Nguyễn
EM01353,Dũng Lê
EM01354,Minh Bảo Lê
EM01355,Hương Phạm
EM01356,Thành Đặng
EM01357,Hoàng Phạm
EM01358,Thành Hoàng Lê
EM01359,Lâm Lê
EM01360,Tùng Lê
EM01361,Khoa Đặng
EM01362,Dũng Phạm
EM01363,Khoa Dương
EM01364,Quang Thế Dương
EM01365,Trí Trần
EM01366,Linh Mai
EM01367,Kim Bùi
EM01368,Bảo Phạm
EM01369,Khoa Đức Hoàng
EM01370,An Bùi
EM01371,An Vũ
EM01372,Vân Lê
EM01373,Huy Phạm
EM01374,Hải Hoàng
EM01375,Huy Trần
EM01376,Nhiên Trần
EM01377,Mai Phạm
EM01378,Phương Bùi
EM01379,Khoa Mai
EM01380,Vũ Đặng
EM01381,Duyên Dương
EM01382,Nhiên Lê
EM01383,Hạnh Nguyễn
EM01384,Hương Hoàng
EM01385,Ngọc Hoàng
EM01386,Tùng Trí Hoàng
EM01387,Phúc Nguyễn
EM01388,Lâm Lê
EM01389,Châu Xuân Bùi
EM01390,Quang Nguyễn
EM01391,Khoa Đặng
EM01392,Quang Nguyễn
EM01393,Linh Bùi
EM01394,Châu Bảo Hoàng
EM01395,Huy Phạm
EM01396,Quang Dương
EM01397,Hoàng Lê
EM01398,Lâm Vũ
EM01399,Thành Trí Mai
EM01400,Hạnh Phạm
EM01401,Hạnh Thị Phạm
EM01402,Kim Dương
EM01403,Châu Phạm
EM01404,Hải Mai
EM01405,Khoa Đặng
EM01406,Hà Hữu Hoàng
EM01407,Tùng Nguyễn
EM01408,Quang Nguyễn
EM01409,Lâm Đặng
EM01410,Nhật Dương
EM01411,Ánh Bùi
EM01412,Ngọc Dương
EM01413,Hà Dương
EM01414,Hạnh Thế Trần
EM01415,Nam Bùi
EM01416,Yến Trần
EM01417,Tú Bùi
EM01418,Phương Hoàng
EM01419,Hương Phạm
EM01420,Yến Trần
EM01421,Hà Trần
EM01422,Hà Mai
EM01423,Dương
EM01424,Hương Dương
EM01425,Thành Thế Mai
EM01426,Hải Trần
EM01427,Thành Hoàng
EM01428,Linh Vũ
EM01429,An Hoàng
EM01430,Minh Xuân Mai
EM01431,Hồng Mai
EM01432,Hà Nguyễn
EM01433,Phương Hữu Đặng
EM01434,Lan Vũ
EM01435,Thảo Mai
EM01436,Hạnh Phạm
EM01437,Bảo Nguyễn
EM01438,An Nguyễn
EM01439,Yến Lê
EM01440,Nam Bùi
EM01441,Phú Hoàng
EM01442,Hạnh Hoàng
EM01443,Trọng Hoàng
EM01444,Vũ Hoàng
EM01445,Nhật Lê
EM01446,Nhiên Nguyễn
EM01447,Thành Mai
EM01448,Bảo Trần
EM01449,Nhiên Dương
EM01450,Lan Dương
EM01451,Thảo Mai
EM01452,An Đức Lê
EM01453,Mai Bùi
EM01454,Xuân Bùi
EM01455,Hà Lê
EM01456,Khoa Dương
EM01457,Thành Hải Đặng
EM01458,Bảo Đặng
EM01459,Hạnh Vũ
EM01460,Thảo Mai
EM01461,Dương Dương
EM01462,Phương Đặng
EM01463,Thành Trần
EM01464,An Phú Lê
EM01465,Nhật Lê
EM01466,Trần
EM01467,Trung Bùi
EM01468,Mai Mai
EM01469,Quang Vũ
EM01470,Nhật Lê
EM01471,Hải Dương
EM01472,An Dương
EM01473,Minh Phạm
EM01474,Hồng Mai
EM01475,Nhật Đặng
EM01476,Phương Lê
EM01477,Thảo Dương
EM01478,Nhật Phạm
EM01479,Phương Nguyễn
EM01480,Quang Đặng
EM01481,Khoa Mai
EM01482,Phúc Đặng
EM01483,Bảo Phạm
EM01484,Vi Dương
EM01485,Kim Trí Hoàng
EM01486,Quang Bảo Trần
EM01487,Phương Nguyễn
EM01488,Nhật Xuân Nguyễn
EM01489,Trọng Dương
EM01490,Trọng Dương
EM01491,Nhiên Thị Vũ
EM01492,Kim Dương
EM01493,Nhật Trí Hoàng
EM01494,Chi Bùi
EM01495,Nhật Phạm
EM01496,Thảo Dương
EM01497,Xuân Vũ
EM01498,Quang Quang Hoàng
EM01499,Linh Phạm
EM01500,Nhật Bảo Dương
EM01501,Hà Đặng
EM01502,Hà Phú Đặng
EM01503,Trung Bùi
EM01504,Nam Bùi
EM01505,Thảo Nguyễn
EM01506,Bảo Đặng
EM01507,Thảo Nguyễn
EM01508,Hạnh Dương
EM01509,Hoàng Bùi
EM01510,Tú Hữu Hoàng
EM01511,Nhật Nguyễn
EM01512,Kim Đặng
EM01513,Nhật Hoàng
EM01514,Nam Dương
EM01515,Châu Mai
EM01516,Vân Vũ
EM01517,Huy Bùi
EM01518,Hải Quang Đặng
EM01519,Nhiên Mai
EM01520,Châu Văn Vũ
EM01521,Phương Dương
EM01522,Khoa Dương
EM01523,Phương Trí Phạm
EM01524,Hương Dương
EM01525,Quang Đặng
EM01526,Thành Hữu Bùi
EM01527,Hải Mai
EM01528,Vi Đặng
EM01529,Quang Thế Bùi
EM01530,Vũ Tấn Lê
EM01531,Lan Vũ
EM01532,Nhiên Nguyễn
EM01533,Lâm Nguyễn
EM01534,Lâm Bảo Đặng
EM01535,Nhiên Vũ
EM01536,Hà Thế Nguyễn
EM01537,Phúc Mai
EM01538,Khoa Bảo Đặng
EM01539,Dương Phạm
EM01540,Duyên Dương
EM01541,Vân Phạm
EM01542,Hương Vũ
EM01543,Chi Đặng
EM01544,Hoàng Mai
EM01545,Vũ Hải Lê
EM01546,Lan Trần
EM01547,Hoàng Hoàng
EM01548,An Bùi
EM01549,Mai Đặng
EM01550,Hà Phạm
EM01551,Bảo Đức Bùi
EM01552,Phúc Trần
EM01553,Hồng Mai
EM01554,Dũng Hoàng
EM01555,Châu Lê
EM01556,Thảo Mai
EM01557,Mai Lê
EM01558,Thành Phú Vũ
EM01559,Lan Hoàng
EM01560,Trọng Hoàng
EM01561,Khoa Lê
EM01562,Dương Dương
EM01563,Khoa Trần
EM01564,Hoàng Vũ
EM01565,Thành Hải Phạm
EM01566,Bảo Nguyễn
EM01567,Xuân Đặng
EM01568,Linh Lê
EM01569,Minh Bảo Đặng
EM01570,Hoàng Dương
EM01571,Trung Quang Phạm
EM01572,Hạnh Phạm
EM01573,An Hoàng
EM01574,Thành Vũ
EM01575,Nguyễn
EM01576,Dương Trần
EM01577,Khoa Dương
EM01578,Bảo Vũ
EM01579,Hưng Bảo Lê
EM01580,Nhật Hữu Đặng
EM01581,Quang Đặng
EM01582,Hoàng Vũ
EM01583,Trung Quang Hoàng
EM01584,Trọng Mai Bảo Lê
EM01585,Hương Bùi
EM01586,Hải Bùi
EM01587,Lâm Đặng
EM01588,Thành Nguyễn
EM01589,Trọng Phạm
EM01590,Phương Hoàng Vũ
EM01591,Thành Trần
EM01592,Quang Lê
EM01593,Phương Bảo Bùi
EM01594,Phương Quang Phạm
EM01595,Phúc Bùi
EM01596,Lâm Nguyễn
EM01597,Phương Tấn Nguyễn
EM01598,Linh Mai
EM01599,Quang Lê
EM01600,Phương Vũ
EM01601,Nhật Vũ
EM01602,Khoa Quang Mai
EM01603,Hải Mai
EM01604,Phương Lê
EM01605,An Lê
EM01606,Xuân Trần
EM01607,Kim Phạm
EM01608,Kim Phạm
EM01609,Dũng Bảo Nguyễn
EM01610,Trọng Bùi
EM01611,Yến Trần
EM01612,Quang Bảo Đặng
EM01613,Hồng Nguyễn
EM01614,Kim Nguyễn
EM01615,Hồng Lê
EM01616,Bảo Phạm
EM01617,Vân Vũ
EM01618,Minh Nguyễn
EM01619,Kim Phú Bùi
EM01620,Ánh Lê
EM01621,Mai Dương
EM01622,Mai Dương
EM01623,Châu Dương
EM01624,Chi Nguyễn
EM01625,Hoàng Quang Dương
EM01626,Duyên Hoàng
EM01627,Lan Đặng
EM01628,Xuân Vũ
EM01629,Hương Phạm
EM01630,Dương Phạm
EM01631,Phương Đặng
EM01632,Châu Mai Bùi
EM01633,Châu Dương
EM01634,Nhật Dương
EM01635,Dương Lê
EM01636,Huy Mai
EM01637,Hải Nguyễn
EM01638,Lâm Trần
EM01639,Nhật Mai
EM01640,Lâm Đặng
EM01641,Châu Đặng
EM01642,Kim Hoàng
EM01643,Ánh Dương
EM01644,Yến Hoàng
EM01645,Thành Văn Trần
EM01646,Xuân Mai
EM01647,Quang Hoàng Bùi
EM01648,Phúc Dương
EM01649,Bảo Bảo Hoàng
EM01650,Nhật Thế Phạm
EM01651,Trung Nguyễn
EM01652,Tùng Đặng
EM01653,Tú Hoàng
EM01654,Vân Trần
EM01655,Quang Dương
EM01656,Duyên Bùi
EM01657,Mai Mai
EM01658,Lan Dương
EM01659,Hương Bùi
EM01660,Hải Hoàng
EM01661,Hà Nguyễn
EM01662,Hạnh Trí Đặng
EM01663,Hải Quang Dương
EM01664,Thành Vũ
EM01665,Khoa Trần
EM01666,Hà Bùi
EM01667,Vi Hoàng
EM01668,Lâm Phạm
EM01669,Tùng Vũ
EM01670,Vũ
EM01671,Nhiên Vũ
EM01672,Thành Hoàng
EM01673,Chi Phạm
EM01674,Nhật Nguyễn
EM01675,Tùng Trần
EM01676,Phương Trí Đặng
EM01677,Bảo Bùi
EM01678,Tùng Nguyễn
EM01679,Tùng Vũ
EM01680,An Lê
EM01681,Lan Hoàng
EM01682,Nhật Nguyễn
EM01683,Hoàng Hữu Bùi
EM01684,Ánh Trần
EM01685,Hồng Đặng
EM01686,Duyên Đặng
EM01687,Mai Bùi
EM01688,Mai Mai
EM01689,Nhật Văn Phạm
EM01690,Hải Văn Bùi
EM01691,Ánh Đặng
EM01692,Nhiên Quang Vũ
EM01693,Thành Mai
EM01694,An Bùi
EM01695,Vân Bùi
EM01696,Ánh Vũ
EM01697,Khoa Mai
EM01698,Xuân Hoàng
EM01699,Hồng Hoàng
EM01700,Ánh Nguyễn
EM01701,Vân Dương
EM01702,Phương Phạm
EM01703,Phúc Quang Trần
EM01704,Tú Mai
EM01705,Trung Vũ
EM01706,Chi Dương
EM01707,Bảo Vũ
EM01708,Bảo Phạm
EM01709,Kim Phú Đặng
EM01710,Hà Hoàng
EM01711,Khoa Phạm
EM01712,An Bùi
EM01713,Hà Bùi
EM01714,Khoa Lê
EM01715,Hoàng Hoàng
EM01716,Hà Mai
EM01717,Vũ Hoàng
EM01718,Châu Mai
EM01719,Ánh Bùi
EM01720,Mai Trần
EM01721,Dương Nguyễn
EM01722,Hải Mai Bảo Mai
EM01723,Trọng Phạm
EM01724,Nam Mai
EM01725,Hà Phạm
EM01726,Vân Trần
EM01727,Hà Nguyễn
EM01728,Trọng Mai Vũ
EM01729,An Thị Đặng
EM01730,Bảo Phạm
EM01731,Huy Đặng
EM01732,Trọng Quang Vũ
EM01733,Huy Đặng
EM01734,Quang Trần
EM01735,Linh Lê
EM01736,Quang Lê
EM01737,Hải Lê
EM01738,Bảo Vũ
EM01739,Hồng Dương
EM01740,Vũ Hải Trần
EM01741,Minh Bùi
EM01742,Hải Xuân Trần
EM01743,Minh Nguyễn
EM01744,Trọng Đặng
EM01745,Phương Đặng
EM01746,Quang Dương
EM01747,Kim Văn Bùi
EM01748,Hoàng Bùi
EM01749,Xuân Mai
EM01750,Nhiên Bảo Dương
EM01751,Dũng Phạm
EM01752,Bảo Mai
EM01753,Kim Mai
EM01754,Lan Bùi
EM01755,Hạnh Thế Đặng
EM01756,Vân Trần
EM01757,Ngọc Hoàng
EM01758,Nhật Đặng
EM01759,Linh Hoàng
EM01760,Dương Hoàng
EM01761,Nhiên Mai Bảo Lê
EM01762,Nhật Vũ
EM01763,Nhiên Lê
EM01764,Khoa Hải Dương
EM01765,Kim Dương
EM01766,Chi Đặng
EM01767,Kim Đức Đặng
EM01768,Quang Trần
EM01769,Ánh Đặng
EM01770,Quang Hữu Đặng
EM01771,Hà Thế Đặng
EM01772,Hạnh Bùi
EM01773,Kim Hoàng Mai
EM01774,Khoa Hải Bùi
EM01775,Chi Hoàng
EM01776,Nhật Dương
EM01777,Hưng Trí Trần
EM01778,Hồng Mai
EM01779,Ngọc Bùi
EM01780,Phương Trí Vũ
EM01781,Ngọc Phạm
EM01782,Duyên Bùi
EM01783,Mai Nguyễn
EM01784,Phương Dương
EM01785,Thành Phạm
EM01786,Đặng
EM01787,Khoa Thế Trần
EM01788,Khoa Vũ
EM01789,Lâm Hoàng Nguyễn
EM01790,Minh Đặng
EM01791,Vũ Lê
EM01792,Ánh Lê
EM01793,Khoa Tấn Trần
EM01794,Khoa Dương
EM01795,Ngọc Phạm
EM01796,Thành Dương
EM01797,Ánh Phạm
EM01798,Quang Trần
EM01799,Ngọc Đặng
EM01800,Linh Hoàng
EM01801,Hoàng Mai Bảo Vũ
EM01802,Nhật Quang Hoàng
EM01803,Lâm Lê
EM01804,Nhật Đặng
EM01805,Nhật Quang Đặng
EM01806,Nhiên Bùi
EM01807,Phúc Xuân Vũ
EM01808,Trung Trí Đặng
EM01809,Nhiên Thị Dương
EM01810,Huy Dương
EM01811,Lan Nguyễn
EM01812,Duyên Hoàng
EM01813,Lâm Lê
EM01814,Thảo Dương
EM01815,Kim Dương
EM01816,Lan Phạm
EM01817,Linh Đặng
EM01818,Nhật Vũ
EM01819,Nhiên Lê
EM01820,Vân Dương
